コード	銘柄名	市場・商品区分	33業種コード	33業種区分	17業種コード	17業種区分	規模コード	規模区分	株価	配当利回り(%)	1株配当(円)	配当利回り_raw	1株配当_raw	配当利回り_自前計算	配当状態	配当フォールバック使用	PER	PBR	時価総額(億円)	52週高値	52週安値	セクター	注意フラグ	要確認理由	配当ランキング利用可否	記事掲載区分	yfinance状態	売上高_直近期(百万円)	営業利益率(%)	売上成長率_YoY(%)	自己資本比率(%)	DEレシオ	FCF(百万円)	EPS(円)	配当性向(%)	ROE(%)	連続増配(年)
9414	日本ＢＳ放送	スタンダード（内国株式）	5250	情報・通信業	10	情報通信・サービスその他	-	-	917.0	3.27	30.0	3.3	30.0	3.27	配当あり	いいえ	14.38	0.67	163.5	1169.0	886.0	Communication Services			OK	通常掲載可	OK	11812.7	16.36	-3.5	90.81	0.0	1798.5	63.79	47.03	11.43	0
9416	ビジョン	プライム（内国株式）	5250	情報・通信業	10	情報通信・サービスその他	6	TOPIX Small 1	1001.0	5.79	58.0	5.9	58.0	5.79	配当あり	いいえ	10.88	2.36	488.0	1343.0	949.0	Communication Services			OK	通常掲載可	OK	39012.4	16.57	9.8	70.54	0.09	1654.7	92.01	63.04	22.58	1
9417	スマートバリュー	スタンダード（内国株式）	5250	情報・通信業	10	情報通信・サービスその他	-	-	326.0	3.07	10.0	3.05	10.0	3.07	配当あり	いいえ	7.25	2.31	32.4	531.0	283.0	Technology			OK	通常掲載可	OK	3814.7	-8.09	-1.51	41.85	0.55	-693.2	44.94	22.25	13.71	1
9418	Ｕ－ＮＥＸＴ　ＨＯＬＤＩＮＧＳ	プライム（内国株式）	5250	情報・通信業	10	情報通信・サービスその他	6	TOPIX Small 1	1682.0	1.01	17.0	1.01	17.0	1.01	配当あり	いいえ	16.1	2.88	3033.9	2312.0	1504.0	Industrials			OK	通常掲載可	OK	390408.0	8.2	19.48	37.56	0.72	3733.0	104.47	16.27	18.16	6
9419	ワイヤレスゲート	スタンダード（内国株式）	5250	情報・通信業	10	情報通信・サービスその他	-	-	285.0						配当未取得		11.04	1.86	31.0	354.0	232.0	Communication Services	配当未取得	1株配当が取得できていない	除外推奨	掲載非推奨	OK_配当データ要確認	8348.6	2.05	-1.35	36.19	0.59	164.5	25.82		16.85	0
9421	エヌジェイホールディングス	スタンダード（内国株式）	5250	情報・通信業	10	情報通信・サービスその他	-	-	501.0						配当未取得		43.95	1.65	26.5	692.0	495.0	Communication Services	配当未取得	1株配当が取得できていない	除外推奨	掲載非推奨	OK_配当データ要確認	9698.1	1.06	-4.28	40.07	0.7	661.1	11.4		4.56	0
9423	フォーバル・リアルストレート	スタンダード（内国株式）	5250	情報・通信業	10	情報通信・サービスその他	-	-	103.0	2.91	3.0	2.94	3.0	2.91	配当あり	いいえ	14.76	3.35	25.0	150.0	99.0	Real Estate			OK	通常掲載可	OK	3139.8	4.03	2.4	48.53		56.7	6.98	42.98	22.7	4
9424	日本通信	プライム（内国株式）	5250	情報・通信業	10	情報通信・サービスその他	7	TOPIX Small 2	109.0						配当未取得		23.8	3.94	181.8	177.0	104.0	Communication Services	配当未取得	1株配当が取得できていない	除外推奨	掲載非推奨	OK_配当データ要確認	11633.8	9.75	25.92	38.52	1.24	-711.5	4.58		15.32	
9425	ＲｅＹｕｕ　Ｊａｐａｎ	スタンダード（内国株式）	5250	情報・通信業	10	情報通信・サービスその他	-	-	261.0						配当未取得			1.11	17.8	1413.0	149.0	Technology	配当未取得	1株配当が取得できていない	除外推奨	掲載非推奨	OK_配当データ要確認	6259.2	-2.62	32.27	60.34	0.47	-128.7	-18.61		2.53	
9428	クロップス	スタンダード（内国株式）	5250	情報・通信業	10	情報通信・サービスその他	-	-	1282.0	2.5	32.0	2.5	32.0	2.5	配当あり	いいえ	13.09	0.91	121.2	1764.0	1132.0	Communication Services			OK	通常掲載可	OK	67497.0	5.34	9.63	32.67	0.26	2919.0	97.94	32.67	10.33	0
9432	ＮＴＴ	プライム（内国株式）	5250	情報・通信業	10	情報通信・サービスその他	1	TOPIX Core30	146.1	3.7	5.4	3.7	5.4	3.7	配当あり	いいえ	11.59	1.22	118959.9	167.2	142.6	Communication Services			OK	通常掲載可	OK	14409121.0	12.4	5.14	20.82	1.74	-770542.0	12.61	42.82	10.04	22
9433	ＫＤＤＩ	プライム（内国株式）	5250	情報・通信業	10	情報通信・サービスその他	1	TOPIX Core30	2702.5	3.11	84.0	3.08	84.0	3.11	配当あり	いいえ	14.72	2.03	102886.3	2827.0	2307.5	Communication Services			OK	通常掲載可	OK	6071915.0	17.44	4.05	26.63	1.14	1109847.0	183.56	45.76	14.01	1
9434	ソフトバンク	プライム（内国株式）	5250	情報・通信業	10	情報通信・サービスその他	1	TOPIX Core30	209.1	4.21	8.8	4.19	8.8	4.21	配当あり	いいえ	18.57	3.38	100010.3	247.9	202.6	Communication Services			OK	通常掲載可	OK	7038680.0	14.81	7.55	15.99	2.19	621214.0	11.26	78.15	16.27	0
94345	ソフトバンク第１回社債型種類株式	プライム（内国株式）	5250	情報・通信業	10	情報通信・サービスその他	-	-	3788.0	2.64	100.0	2.64	100.0	2.64	配当あり	いいえ		61.22		3848.0	3710.0	Communication Services			OK	通常掲載可	OK	7038680.0	14.81	7.55	15.99	2.19	621214.0			16.27	1
94346	ソフトバンク第２回社債型種類株式	プライム（内国株式）	5250	情報・通信業	10	情報通信・サービスその他	-	-	7582.0	3.38	256.0	3.38	256.0	3.38	配当あり	いいえ		122.53		7720.0	7410.0	Communication Services			OK	通常掲載可	OK	7038680.0	14.81	7.55	15.99	2.19	621214.0			16.27	
9435	光通信	プライム（内国株式）	5250	情報・通信業	10	情報通信・サービスその他	4	TOPIX Mid400	36010.0	2.17	780.0	2.22	780.0	2.17	配当あり	いいえ	10.48	1.33	15767.5	45950.0	33190.0	Industrials			OK	通常掲載可	OK	734791.0	15.88	7.03	41.55	0.92	63283.0	3437.27	22.69	14.46	15
9436	沖縄セルラー電話	スタンダード（内国株式）	5250	情報・通信業	10	情報通信・サービスその他	-	-	3845.0	1.82	70.0	1.86	70.0	1.82	配当あり	いいえ	27.05	3.58	3539.5	3860.0	2427.5	Communication Services			OK	通常掲載可	OK	86348.0	21.65	2.41	82.16	0.0	10344.0	142.13	49.25	13.45	13
9438	エムティーアイ	プライム（内国株式）	5250	情報・通信業	10	情報通信・サービスその他	7	TOPIX Small 2	558.0	3.58	20.0	3.58	20.0	3.58	配当あり	いいえ	8.82	1.57	309.9	954.0	527.0	Healthcare			OK	通常掲載可	OK	29910.9	9.85	8.1	55.22	0.09	4297.3	63.28	31.61	16.71	2
9439	エム・エイチ・グループ	スタンダード（内国株式）	9050	サービス業	10	情報通信・サービスその他	-	-	245.0	0.41	1.0	0.4	1.0	0.41	配当あり	いいえ		5.74	28.3	268.0	204.0	Consumer Cyclical			OK	通常掲載可	OK	1877.7	1.23	-1.3	30.26	0.25	42.8	-2.53		-8.88	0
9441	ベルパーク	スタンダード（内国株式）	5250	情報・通信業	10	情報通信・サービスその他	-	-	2428.0	4.2	102.0	4.25	102.0	4.2	配当あり	いいえ	9.23	1.06	297.2	3220.0	1920.0	Consumer Cyclical			OK	通常掲載可	OK	129301.0	4.55	11.43	61.82	0.0	4535.7	263.04	38.78	13.63	3
9444	トーシンホールディングス	スタンダード（内国株式）	5250	情報・通信業	10	情報通信・サービスその他	-	-	259.0						配当未取得		6.93	0.6	16.7	632.0	163.0	Consumer Cyclical	配当未取得	1株配当が取得できていない	除外推奨	掲載非推奨	OK_配当データ要確認	17477.5	0.26	2.0	9.74	6.91	-765.8	37.38		-8.77	0
9445	フォーバルテレコム	スタンダード（内国株式）	5250	情報・通信業	10	情報通信・サービスその他	-	-	532.0	5.26	28.0	5.25	28.0	5.26	配当あり	いいえ	9.04	2.26	89.1	600.0	502.0	Communication Services			OK	通常掲載可	OK	23973.0	5.17	-6.67	36.73	0.0	350.3	58.84	47.59	27.13	2
9446	サカイホールディングス	スタンダード（内国株式）	5250	情報・通信業	10	情報通信・サービスその他	-	-	681.0	5.29	36.0	5.36	36.0	5.29	配当あり	いいえ	6.3	1.06	51.4	758.0	450.0	Communication Services			OK	通常掲載可	OK	17017.0	8.61	9.89	22.53	2.79	1876.9	108.06	33.31	19.21	1
9449	ＧＭＯインターネットグループ	プライム（内国株式）	5250	情報・通信業	10	情報通信・サービスその他	4	TOPIX Mid400	3609.0	2.35	84.8	2.4	84.8	2.35	配当あり	いいえ	22.2	3.18	3550.2	4118.0	2731.5	Communication Services			OK	通常掲載可	OK	285377.0	20.72	2.19	4.48	5.45	70887.0	162.56	52.17	18.71	1
9450	ファイバーゲート	スタンダード（内国株式）	5250	情報・通信業	10	情報通信・サービスその他	7	TOPIX Small 2	754.0	3.58	27.0	3.53	27.0	3.58	配当あり	いいえ	11.83	2.2	151.7	787.0	653.0	Communication Services			OK	通常掲載可	OK	12613.0	18.92	-1.42	44.27	0.77	472.0	63.72	42.37	19.11	5
9466	アイドママーケティングコミュニケーション	スタンダード（内国株式）	5250	情報・通信業	10	情報通信・サービスその他	-	-	222.0	4.5	10.0	4.5	10.0	4.5	配当あり	いいえ	16.2	0.86	29.1	256.0	216.0	Communication Services			OK	通常掲載可	OK	4761.9	5.64	-14.76	77.34	0.12	101.0	13.7	72.99	5.37	2
9467	アルファポリス	グロース（内国株式）	5250	情報・通信業	10	情報通信・サービスその他	-	-	999.0	2.7	27.0	2.73	27.0	2.7	配当あり	いいえ	12.53	1.86	290.3	1731.0	940.0	Communication Services			OK	通常掲載可	OK	16610.1	20.81	21.95	78.27	0.01	1877.8	79.7	33.88	15.8	
9468	ＫＡＤＯＫＡＷＡ	プライム（内国株式）	5250	情報・通信業	10	情報通信・サービスその他	4	TOPIX Mid400	3669.0	1.64	60.0	1.64	60.0	1.64	配当あり	いいえ	477.73	2.17	5392.4	3967.0	2701.5	Communication Services			OK	通常掲載可	OK	282908.0	2.86	1.8	62.82	0.04	-6084.0	7.68	781.25	1.47	0
9470	学研ホールディングス	プライム（内国株式）	5250	情報・通信業	10	情報通信・サービスその他	7	TOPIX Small 2	1002.0	2.89	29.0	2.86	29.0	2.89	配当あり	いいえ	12.87	0.78	417.1	1164.0	923.0	Consumer Defensive			OK	通常掲載可	OK	199119.0	4.14	7.3	37.06	0.69	4209.0	77.88	37.24	7.39	1
9474	ゼンリン	プライム（内国株式）	5250	情報・通信業	10	情報通信・サービスその他	7	TOPIX Small 2	882.0	4.76	42.0	4.75	42.0	4.76	配当あり	いいえ	17.18	0.96	470.9	1136.0	841.0	Communication Services			OK	通常掲載可	OK	64277.0	5.45	-0.13	67.9	0.05	1837.0	51.33	81.82	5.51	2
9475	昭文社ホールディングス	スタンダード（内国株式）	5250	情報・通信業	10	情報通信・サービスその他	-	-	492.0	2.03	10.0	2.04	10.0	2.03	配当あり	いいえ	7.36	0.62	88.7	585.0	408.0	Communication Services			OK	通常掲載可	OK	6727.8	7.08	7.53	75.61	0.03	367.1	66.85	14.96	8.88	0
9476	中央経済社ホールディングス	スタンダード（内国株式）	5250	情報・通信業	10	情報通信・サービスその他	-	-	1046.0	1.24	13.0	1.25	13.0	1.24	配当あり	いいえ	12.8	0.91	40.5	1050.0	570.0	Communication Services			OK	通常掲載可	OK	3256.7	7.2	5.04	71.54	0.1	359.1	81.74	15.9	7.26	1
9478	ＳＥホールディングス・アンド・インキュベーションズ	スタンダード（内国株式）	5250	情報・通信業	10	情報通信・サービスその他	-	-	511.0	0.78	4.0	0.76	4.0	0.78	配当あり	いいえ	12.85	0.7	77.3	560.0	307.0	Communication Services			OK	通常掲載可	OK	7026.0	13.61	-2.98	60.1	0.32	337.0	39.77	10.06	6.24	0
9501	東京電力ホールディングス	プライム（内国株式）	4050	電気・ガス業	11	電力・ガス	4	TOPIX Mid400	465.0						配当未取得			0.22	7452.6	939.4	442.8	Utilities	配当未取得	1株配当が取得できていない	除外推奨	掲載非推奨	OK_配当データ要確認	6328574.0	5.34	-7.07	21.76	1.87	560333.0	-283.5		-12.62	0
9502	中部電力	プライム（内国株式）	4050	電気・ガス業	11	電力・ガス	4	TOPIX Mid400	3174.0	2.21	70.0	2.25	70.0	2.21	配当あり	いいえ	10.53	0.76	23976.2	3203.0	1783.0	Utilities			OK	通常掲載可	OK	3546041.0	6.49	-3.36	41.01	0.94	334428.0	301.48	23.22	7.74	2
9503	関西電力	プライム（内国株式）	4050	電気・ガス業	11	電力・ガス	4	TOPIX Mid400	2275.5	3.52	80.0	3.49	80.0	3.52	配当あり	いいえ	6.67	0.73	25350.4	2826.0	1686.5	Utilities			OK	通常掲載可	OK	4056637.0	10.79	-6.47	35.06	1.06	652381.0	341.13	23.45	11.61	2
9504	中国電力	プライム（内国株式）	4050	電気・ガス業	11	電力・ガス	4	TOPIX Mid400	916.4	3.27	30.0	3.3	30.0	3.27	配当あり	いいえ	4.81	0.42	3295.2	1145.0	728.4	Utilities			OK	通常掲載可	OK	1442301.0	6.26	-5.68	16.82	3.92	237289.0	190.64	15.74	9.23	0
9505	北陸電力	プライム（内国株式）	4050	電気・ガス業	11	電力・ガス	4	TOPIX Mid400	886.0	2.82	25.0	2.83	25.0	2.82	配当あり	いいえ	3.4	0.41	1850.9	1142.0	709.0	Utilities			OK	通常掲載可	OK	786552.0	11.12	-8.36	24.38	2.19	117459.0	260.72	9.59	12.84	1
9506	東北電力	プライム（内国株式）	4050	電気・ガス業	11	電力・ガス	4	TOPIX Mid400	1069.0	3.74	40.0	3.76	40.0	3.74	配当あり	いいえ	6.29	0.48	5346.7	1323.0	972.2	Utilities			OK	通常掲載可	OK	2372420.0	6.76	-10.3	19.39	2.79	370156.0	169.84	23.55	8.01	2
9507	四国電力	プライム（内国株式）	4050	電気・ガス業	11	電力・ガス	4	TOPIX Mid400	1485.0	3.7	55.0	3.73	55.0	3.7	配当あり	いいえ	6.0	0.64	3034.9	1872.5	1183.0	Utilities			OK	通常掲載可	OK	761861.0	8.91	-10.52	27.36	1.84	82290.0	247.32	22.24	11.11	2
9508	九州電力	プライム（内国株式）	4050	電気・ガス業	11	電力・ガス	4	TOPIX Mid400	1703.5	2.94	50.0	3.05	50.0	2.94	配当あり	いいえ	5.41	0.68	8053.8	2017.5	1253.0	Utilities			OK	通常掲載可	OK	2247213.0	10.01	-4.65	19.94	2.73	438745.0	314.69	15.89	13.78	0
9509	北海道電力	プライム（内国株式）	4050	電気・ガス業	11	電力・ガス	4	TOPIX Mid400	970.0	3.4	33.0	3.55	33.0	3.4	配当あり	いいえ	4.73	0.44	1991.9	1295.0	760.3	Utilities			OK	通常掲載可	OK	855982.0	8.56	-5.11	18.49	3.16	114545.0	204.95	16.1	10.3	0
9511	沖縄電力	プライム（内国株式）	4050	電気・ガス業	11	電力・ガス	6	TOPIX Small 1	909.0	3.3	30.0	3.32	30.0	3.3	配当あり	いいえ	7.92	0.38	493.7	1208.0	873.0	Utilities			OK	通常掲載可	OK	220176.0	4.22	-6.92	24.96	2.27	27303.0	114.77	26.14	5.08	2
9513	電源開発	プライム（内国株式）	4050	電気・ガス業	11	電力・ガス	4	TOPIX Mid400	3659.0	3.01	110.0	2.99	110.0	3.01	配当あり	いいえ	11.24	0.46	6440.1	4514.0	2486.5	Utilities			OK	通常掲載可	OK	1182259.0	8.54	-10.21	37.58	1.34	224265.0	325.58	33.79	4.93	0
9514	エフオン	スタンダード（内国株式）	4050	電気・ガス業	11	電力・ガス	7	TOPIX Small 2	325.0	2.46	8.0	2.48	8.0	2.46	配当あり	いいえ	11.96	0.33	68.8	458.0	310.0	Utilities			OK	通常掲載可	OK	17473.0	3.43	3.09	40.28	1.31	1931.0	27.18	29.43	12.11	0
9517	イーレックス	プライム（内国株式）	4050	電気・ガス業	11	電力・ガス	7	TOPIX Small 2	763.0	2.88	22.0	2.91	22.0	2.88	配当あり	いいえ	11.16	0.85	595.3	1118.0	598.0	Utilities			OK	通常掲載可	OK	169170.0	4.44	-1.2	41.38	0.79	13094.0	68.36	32.18	6.91	0
9519	レノバ	プライム（内国株式）	4050	電気・ガス業	11	電力・ガス	6	TOPIX Small 1	1000.0						配当未取得		27.33	0.74	904.0	1400.0	616.0	Utilities	配当未取得	1株配当が取得できていない	除外推奨	掲載非推奨	OK_配当データ要確認	87622.0	8.42	24.74	20.09	2.77	22348.0	36.59		2.89	
9531	東京瓦斯	プライム（内国株式）	4050	電気・ガス業	11	電力・ガス	4	TOPIX Mid400	6037.0	1.99	120.0	2.0	120.0	1.99	配当あり	いいえ	9.22	1.17	20041.9	7967.0	4708.0	Utilities			OK	通常掲載可	OK	2834749.0	6.97	7.51	44.13	0.7	156190.0	654.65	18.33	12.76	2
9532	大阪瓦斯	プライム（内国株式）	4050	電気・ガス業	11	電力・ガス	4	TOPIX Mid400	5363.0	2.42	130.0	2.44	130.0	2.42	配当あり	いいえ	13.72	1.14	20449.4	6828.0	3647.0	Utilities			OK	通常掲載可	OK	2030302.0	8.61	-1.87	54.38	0.44	89623.0	390.98	33.25	8.5	5
9533	東邦瓦斯	プライム（内国株式）	4050	電気・ガス業	11	電力・ガス	4	TOPIX Mid400	1237.5	1.82	22.5	1.84	22.5	1.82	配当あり	いいえ	14.77	0.94	4452.2	1425.75	1017.0	Utilities			OK	通常掲載可	OK	651085.0	4.88	-0.75	58.99	0.32	65607.0	83.81	26.85	6.79	2
9534	北海道瓦斯	プライム（内国株式）	4050	電気・ガス業	11	電力・ガス	7	TOPIX Small 2	755.0	3.58	27.0	3.64	27.0	3.58	配当あり	いいえ	5.8	0.68	666.5	930.0	580.0	Utilities			OK	通常掲載可	OK	174519.0	9.42	2.48	49.15	0.44	10899.0	130.07	20.76	12.33	7
9535	広島ガス	プライム（内国株式）	4050	電気・ガス業	11	電力・ガス	7	TOPIX Small 2	398.0	3.02	12.0	3.05	12.0	3.02	配当あり	いいえ	12.99	0.38	273.6	434.0	353.0	Energy			OK	通常掲載可	OK	88396.0	1.79	-3.49	54.24	0.47	3949.0	30.65	39.15	2.93	0
9536	西部ガスホールディングス	プライム（内国株式）	4050	電気・ガス業	11	電力・ガス	7	TOPIX Small 2	2257.0	3.1	70.0	3.15	70.0	3.1	配当あり	いいえ	11.5	0.7	812.3	2634.0	1774.0	Utilities			OK	通常掲載可	OK	261823.0	4.76	2.9	24.74	2.15	-4423.0	196.25	35.67	6.39	0
9537	北陸瓦斯	スタンダード（内国株式）	4050	電気・ガス業	11	電力・ガス	-	-	4230.0	1.89	80.0	1.99	80.0	1.89	配当あり	いいえ	6.2	0.37	197.3	5710.0	3445.0	Utilities			OK	通常掲載可	OK	64436.0	5.89	4.32	74.9	0.0	2873.7	682.24	11.73	5.93	0
9539	京葉瓦斯	スタンダード（内国株式）	4050	電気・ガス業	11	電力・ガス	-	-	1465.0	1.77	26.0	1.71	26.0	1.77	配当あり	いいえ	14.68	0.43	471.1	1542.0	1077.0	Utilities			OK	通常掲載可	OK	117665.0	3.26	1.69	56.78	0.28	-697.0	99.82	26.05	4.09	2
9543	静岡ガス	プライム（内国株式）	4050	電気・ガス業	11	電力・ガス	6	TOPIX Small 1	1219.0	3.61	44.0	3.61	44.0	3.61	配当あり	いいえ	9.14	0.67	918.6	1625.0	1081.0	Utilities			OK	通常掲載可	OK	201207.0	6.99	-0.51	67.04	0.12	4700.0	133.37	32.99	8.27	11
9551	メタウォーター	プライム（内国株式）	4050	電気・ガス業	11	電力・ガス	6	TOPIX Small 1	3325.0	2.41	80.0	2.44	80.0	2.41	配当あり	いいえ	15.89	1.62	1453.7	4220.0	2207.0	Industrials			OK	通常掲載可	OK	209844.0	6.14	17.17	40.64	0.44	7979.0	209.25	38.23	10.57	3
9552	クオンツ総研ホールディングス	プライム（内国株式）	9050	サービス業	10	情報通信・サービスその他	6	TOPIX Small 1	902.0	0.55	5.0	0.57	5.0	0.55	配当あり	いいえ	15.99	7.21	475.5	1444.0	556.0	Financial Services			OK	通常掲載可	OK	16602.6	28.78	0.32	62.84	0.14	1174.2	56.42	8.86	35.47	
9553	マイクロアド	グロース（内国株式）	9050	サービス業	10	情報通信・サービスその他	-	-	609.0						配当未取得		22.45	4.2	167.7	957.0	416.0	Technology	配当未取得	1株配当が取得できていない	除外推奨	掲載非推奨	OK_配当データ要確認	15670.6	3.91	14.28	38.59	0.77	509.2	27.13		20.14	
9554	ＡＶｉＣ	グロース（内国株式）	9050	サービス業	10	情報通信・サービスその他	-	-	1654.0						配当未取得		17.23	3.93	105.2	2420.0	1180.0	Communication Services	配当未取得	1株配当が取得できていない	除外推奨	掲載非推奨	OK_配当データ要確認	2680.9	27.03	38.56	58.53	0.31	639.4	95.99		27.22	
9556	ＩＮＴＬＯＯＰ	グロース（内国株式）	9050	サービス業	10	情報通信・サービスその他	-	-	1775.0						配当未取得		30.71	2.64	167.1	4875.0	1401.0	Industrials	配当未取得	1株配当が取得できていない	除外推奨	掲載非推奨	OK_配当データ要確認	27077.6	5.56	51.92	39.4	0.61	1009.1	57.79		13.56	
9557	エアークローゼット	グロース（内国株式）	9050	サービス業	10	情報通信・サービスその他	-	-	166.0						配当未取得			4.71	13.8	494.0	148.0	Consumer Cyclical	配当未取得	1株配当が取得できていない	除外推奨	掲載非推奨	OK_配当データ要確認	4957.6	2.07	17.59	20.14	2.76	-273.4	-40.56		-75.7	
9558	ジャパニアス	グロース（内国株式）	9050	サービス業	10	情報通信・サービスその他	-	-	1999.0	5.1	102.0	5.15	102.0	5.1	配当あり	いいえ	10.44	2.36	79.2	2499.0	1880.0	Technology			OK	通常掲載可	OK	12084.7	8.13	7.79	58.41	0.09	800.0	191.46	53.27	24.8	3
9560	プログリット	グロース（内国株式）	9050	サービス業	10	情報通信・サービスその他	-	-	755.0	2.91	22.0	2.97	22.0	2.91	配当あり	いいえ	12.07	3.66	94.4	1323.0	665.0	Consumer Defensive			OK	通常掲載可	OK	5747.5	20.93	29.06	50.84	0.11	846.4	62.54	35.18	32.65	1
9561	グラッドキューブ	グロース（内国株式）	9050	サービス業	10	情報通信・サービスその他	-	-	422.0						配当未取得			4.7	35.6	831.0	385.0	Technology	配当未取得	1株配当が取得できていない	除外推奨	掲載非推奨	OK_配当データ要確認	1755.4	-1.92	12.6	33.0	0.85	-35.8	-3.77		-4.22	
9562	ビジネスコーチ	グロース（内国株式）	9050	サービス業	10	情報通信・サービスその他	-	-	499.0	3.41	17.0	3.41	17.0	3.41	配当あり	いいえ	65.49	1.57	21.2	944.33	481.0	Consumer Defensive			OK	通常掲載可	OK	2004.0	8.18	25.16	76.9	0.01	57.1	7.62	223.1	3.56	0
9563	Ａｔｌａｓ　Ｔｅｃｈｎｏｌｏｇｉｅｓ	グロース（内国株式）	9050	サービス業	10	情報通信・サービスその他	-	-	296.0						配当未取得		97.37	1.29	22.0	340.0	265.0	Technology	配当未取得	1株配当が取得できていない	除外推奨	掲載非推奨	OK_配当データ要確認	2280.9	0.4	7.55	86.31		-138.0	3.04		3.95	
9564	ＦＣＥ	スタンダード（内国株式）	9050	サービス業	10	情報通信・サービスその他	-	-	506.0	1.98	10.0	2.0	10.0	1.98	配当あり	いいえ	15.96	2.65	111.7	957.0	424.0	Industrials			OK	通常掲載可	OK	6099.8	14.96	21.85	66.34	0.07	929.9	31.71	31.54	19.09	1
9565	ＧＬＯＥ	グロース（内国株式）	9050	サービス業	10	情報通信・サービスその他	-	-	665.0						配当未取得		17.1	3.71	18.5	999.0	631.0	Communication Services	配当未取得	1株配当が取得できていない	除外推奨	掲載非推奨	OK_配当データ要確認	2843.5	0.66	25.77	29.78	1.12	-16.0	38.88		22.29	
9601	松竹	プライム（内国株式）	5250	情報・通信業	10	情報通信・サービスその他	6	TOPIX Small 1	10430.0	0.29	30.0	0.28	30.0	0.29	配当あり	いいえ	27.39	1.32	1433.5	15410.0	9860.0	Communication Services			OK	通常掲載可	OK	98249.0	6.27	17.0	47.17	0.62	11247.0	380.86	7.88	5.21	0
9602	東宝	プライム（内国株式）	5250	情報・通信業	10	情報通信・サービスその他	4	TOPIX Mid400	1303.0	1.69	22.0	1.68	22.0	1.69	配当あり	いいえ	21.28	2.12	10839.0	2059.0	1191.0	Communication Services			OK	通常掲載可	OK	360663.0	18.82	15.16	73.32	0.0	49896.0	61.24	35.92	10.33	0
9603	エイチ・アイ・エス	プライム（内国株式）	9050	サービス業	10	情報通信・サービスその他	6	TOPIX Small 1	1012.0	2.47	25.0	2.47	25.0	2.47	配当あり	いいえ	19.29	1.26	756.6	1519.0	907.0	Consumer Cyclical			OK	通常掲載可	OK	373106.0	3.12	8.67	14.45	3.21	14065.0	52.47	47.65	7.24	0
9605	東映	プライム（内国株式）	5250	情報・通信業	10	情報通信・サービスその他	6	TOPIX Small 1	5720.0	0.21	12.0	0.21	12.0	0.21	配当あり	いいえ	15.29	1.23	3574.3	6050.0	4955.0	Communication Services			OK	通常掲載可	OK	185333.0	19.48	3.01	58.3	0.08	14785.0	374.03	3.21	10.1	0
9610	ウィルソン・ラーニング　ワールドワイド	スタンダード（内国株式）	9050	サービス業	10	情報通信・サービスその他	-	-	105.0						配当未取得			1.51	11.7	342.0	87.0	Industrials	配当未取得	1株配当が取得できていない	除外推奨	掲載非推奨	OK_配当データ要確認	1688.9	-23.32	-3.54	46.01	0.18	-351.7	-14.33		-19.02	
9612	ラックランド	プライム（内国株式）	9050	サービス業	10	情報通信・サービスその他	7	TOPIX Small 2	1222.0	3.27	40.0	3.28	40.0	3.27	配当あり	いいえ	6.05	1.05	138.9	1966.0	998.0	Industrials			OK	通常掲載可	OK	56574.0	7.13	18.71	43.87	0.18	4225.0	202.03	19.8	17.79	0
9616	共立メンテナンス	プライム（内国株式）	9050	サービス業	10	情報通信・サービスその他	4	TOPIX Mid400	2994.0	1.54	46.0	1.5	46.0	1.54	配当あり	いいえ	14.57	1.87	2722.1	3785.0	2321.0	Consumer Cyclical			OK	通常掲載可	OK	275247.0	9.03	20.23	45.96	0.83	7288.0	205.49	22.39	15.28	3
9619	イチネンホールディングス	プライム（内国株式）	9050	サービス業	10	情報通信・サービスその他	7	TOPIX Small 2	2223.0	3.6	80.0	3.63	80.0	3.6	配当あり	いいえ	6.87	0.74	526.3	2260.0	1568.0	Industrials			OK	通常掲載可	OK	162254.0	6.74	4.73	33.81	1.5	4575.0	323.4	24.74	11.13	4
9621	建設技術研究所	プライム（内国株式）	9050	サービス業	10	情報通信・サービスその他	6	TOPIX Small 1	2889.0	2.7	78.0	2.71	78.0	2.7	配当あり	いいえ	13.47	1.16	788.9	3575.0	2563.0	Industrials			OK	通常掲載可	OK	101038.0	9.04	3.44	69.05	0.08	4470.0	214.41	36.38	10.02	0
9622	スペース	プライム（内国株式）	9050	サービス業	10	情報通信・サービスその他	7	TOPIX Small 2	1441.0	5.0	72.0	5.03	72.0	5.0	配当あり	いいえ	9.37	1.01	353.5	1709.0	1136.0	Industrials			OK	通常掲載可	OK	71511.5	6.76	11.41	77.2	0.0	2300.3	153.8	46.81	7.73	3
9625	セレスポ	スタンダード（内国株式）	9050	サービス業	10	情報通信・サービスその他	-	-	1075.0	4.65	50.0	4.66	50.0	4.65	配当あり	いいえ	7.68	0.6	58.9	1161.0	990.0	Communication Services			OK	通常掲載可	OK	15138.5	7.15	10.76	77.42	0.06	-107.7	139.94	35.73	8.09	1
9627	アインホールディングス	プライム（内国株式）	6100	小売業	14	小売	4	TOPIX Mid400	5582.0	1.79	100.0	1.79	100.0	1.79	配当あり	いいえ	11.35	1.23	1960.3	7280.0	5313.0	Healthcare			OK	通常掲載可	OK	456804.0	3.7	14.25	45.69	0.27	10963.0	491.77	20.33	11.46	0
9628	燦ホールディングス	プライム（内国株式）	9050	サービス業	10	情報通信・サービスその他	7	TOPIX Small 2	1383.0	4.12	57.0	4.08	57.0	4.12	配当あり	いいえ	6.48	0.73	331.1	1670.0	1288.0	Consumer Cyclical			OK	通常掲載可	OK	31984.0	14.15	42.55	58.95	0.48	3049.0	213.32	26.72	10.95	10
9629	ピー・シー・エー	プライム（内国株式）	5250	情報・通信業	10	情報通信・サービスその他	7	TOPIX Small 2	1369.0	2.92	40.0	2.91	40.0	2.92	配当あり	いいえ	17.05	1.44	274.5	2084.0	1164.0	Technology			OK	通常掲載可	OK	15018.0	15.43	-7.51	53.67		1095.0	80.3	49.81	12.39	2
9632	スバル興業	スタンダード（内国株式）	9050	サービス業	10	情報通信・サービスその他	7	TOPIX Small 2	3545.0	2.26	80.0	2.24	80.0	2.26	配当あり	いいえ	18.88	1.22	457.5	3890.0	2710.0	Industrials			OK	通常掲載可	OK	29611.3	16.43	-2.19	84.28	0.0	2494.6	187.78	42.6	6.14	0
9633	東京テアトル	スタンダード（内国株式）	8050	不動産業	17	不動産	-	-	1625.0	1.23	20.0	1.23	20.0	1.23	配当あり	いいえ	13.33	0.66	110.1	1712.0	1084.0	Industrials			OK	通常掲載可	OK	20655.1	1.62	12.33	55.68	0.34	-276.2	121.9	16.41	5.12	0
9635	武蔵野興業	スタンダード（内国株式）	9050	サービス業	10	情報通信・サービスその他	-	-	2549.0						配当未取得		7.4	0.67	26.7	2783.0	2121.0	Real Estate	配当未取得	1株配当が取得できていない	除外推奨	掲載非推奨	OK_配当データ要確認	1330.5	5.13	-2.48	62.76	0.07	-122.6	344.59		9.49	
9636	きんえい	スタンダード（内国株式）	9050	サービス業	10	情報通信・サービスその他	-	-	4260.0	0.23	10.0	0.23	10.0	0.23	配当あり	いいえ	59.17	6.26	118.8	4380.0	3990.0	Communication Services			OK	通常掲載可	OK	3771.3	8.0	5.58	45.82	0.12	337.9	71.99	13.89	3.91	0
9639	三協フロンテア	スタンダード（内国株式）	9050	サービス業	10	情報通信・サービスその他	-	-	2289.0	3.93	90.0	3.93	90.0	3.93	配当あり	いいえ	9.15	0.97	508.7	2312.0	1902.0	Real Estate			OK	通常掲載可	OK	54275.0	14.73	-3.24	74.96	0.07	1893.0	250.29	35.96	10.98	1
9640	セゾンテクノロジー	スタンダード（内国株式）	5250	情報・通信業	10	情報通信・サービスその他	-	-	2080.0	4.33	90.0	4.39	90.0	4.33	配当あり	いいえ	31.04	2.38	336.9	2545.0	1805.0	Technology			OK	通常掲載可	OK	21917.4	7.31	-10.11	66.23	0.0	1554.2	67.0	134.33	7.66	0
9644	タナベコンサルティンググループ	プライム（内国株式）	9050	サービス業	10	情報通信・サービスその他	7	TOPIX Small 2	761.0	4.2	32.0	4.2	32.0	4.2	配当あり	いいえ	22.47	0.61	244.4	804.0	645.0	Industrials			OK	通常掲載可	OK	16282.6	11.14	11.96	69.64	0.07	1253.6	33.86	94.51	5.95	1
9647	協和コンサルタンツ	スタンダード（内国株式）	9050	サービス業	10	情報通信・サービスその他	-	-	7150.0	0.42	30.0	0.43	30.0	0.42	配当あり	いいえ	6.84	0.91	41.8	10900.0	6000.0	Industrials			OK	通常掲載可	OK	8441.9	10.87	4.72	52.93	0.25	779.6	1045.04	2.87	14.12	0
9651	日本プロセス	スタンダード（内国株式）	5250	情報・通信業	10	情報通信・サービスその他	-	-	1800.0	3.78	68.0	3.84	68.0	3.78	配当あり	いいえ	11.08	1.54	174.5	1947.0	1377.0	Technology			OK	通常掲載可	OK	10473.1	10.93	10.61	76.61		474.5	162.39	41.87	9.85	2
9656	グリーンランドリゾート	スタンダード（内国株式）	9050	サービス業	10	情報通信・サービスその他	-	-	598.0	2.51	15.0	2.51	15.0	2.51	配当あり	いいえ	12.69	0.58	61.8	642.0	594.0	Consumer Cyclical			OK	通常掲載可	OK	6453.0	11.4	0.63	52.44	0.61	-443.6	47.12	31.83	5.1	0
9658	ビジネスブレイン太田昭和	プライム（内国株式）	5250	情報・通信業	10	情報通信・サービスその他	7	TOPIX Small 2	1018.0	4.62	47.0	4.67	47.0	4.62	配当あり	いいえ	11.06	1.08	330.4	1218.33	839.67	Technology			OK	通常掲載可	OK	42099.5	7.75	8.49	63.38	0.11	2535.4	92.05	51.06	9.96	15
9661	歌舞伎座	スタンダード（内国株式）	9050	サービス業	10	情報通信・サービスその他	-	-	4465.0	0.11	5.0	0.11	5.0	0.11	配当あり	いいえ	188.87	4.76	541.1	4795.0	4420.0	Real Estate			OK	通常掲載可	OK	3632.7	10.43	16.94	46.73		611.5	23.64	21.15	2.51	0
9663	ナガワ	プライム（内国株式）	9050	サービス業	10	情報通信・サービスその他	7	TOPIX Small 2	5020.0	1.2	60.0	1.18	60.0	1.2	配当あり	いいえ	17.67	1.31	778.0	6990.0	4670.0	Industrials			OK	通常掲載可	OK	35385.0	12.38	0.26	87.28		2658.0	284.02	21.13	5.59	0
9672	東京都競馬	プライム（内国株式）	9050	サービス業	10	情報通信・サービスその他	6	TOPIX Small 1	4780.0	3.05	146.0	3.05	146.0	3.05	配当あり	いいえ	12.18	1.31	1244.6	6080.0	4580.0	Consumer Cyclical			OK	通常掲載可	OK	41758.7	36.91	3.25	75.34	0.18	13070.8	392.3	37.22	11.11	5
9678	カナモト	プライム（内国株式）	9050	サービス業	10	情報通信・サービスその他	6	TOPIX Small 1	5190.0	2.12	110.0	2.1	110.0	2.12	配当あり	いいえ	14.11	1.16	1778.1	5670.0	3170.0	Industrials			OK	通常掲載可	OK	213266.0	8.14	2.92	45.43	0.41	43209.0	367.85	29.9	8.6	2
9679	ホウライ	スタンダード（内国株式）	9050	サービス業	10	情報通信・サービスその他	-	-	2345.0	1.02	24.0	1.05	24.0	1.02	配当あり	いいえ	16.35	1.41	98.3	2434.0	1693.0	Financial Services			OK	通常掲載可	OK	6111.7	10.09	11.52	50.06	0.31	-159.3	143.44	16.73	6.54	4
9682	ＤＴＳ	プライム（内国株式）	5250	情報・通信業	10	情報通信・サービスその他	6	TOPIX Small 1	1046.0	3.63	38.0	3.68	38.0	3.63	配当あり	いいえ	14.35	2.62	1653.9	1362.0	958.0	Technology			OK	通常掲載可	OK	135213.0	12.16	7.39	74.5		8136.0	72.9	52.13	18.88	1
9684	スクウェア・エニックス・ホールディングス	プライム（内国株式）	5250	情報・通信業	10	情報通信・サービスその他	4	TOPIX Mid400	2507.0	1.72	43.0	1.72	43.0	1.72	配当あり	いいえ	30.53	2.59	9040.7	3861.67	2325.0	Communication Services			OK	通常掲載可	OK	297661.0	18.39	-8.27	79.65		44189.0	82.12	52.36	8.65	1
9685	ＫＹＣＯＭホールディングス	スタンダード（内国株式）	5250	情報・通信業	10	情報通信・サービスその他	-	-	594.0	1.68	10.0	1.69	10.0	1.68	配当あり	いいえ	5.66	0.57	30.2	695.0	525.0	Technology			OK	通常掲載可	OK	7224.6	8.28	6.71	59.92	0.38	243.9	104.9	9.53	10.85	1
9686	東洋テック	スタンダード（内国株式）	9050	サービス業	10	情報通信・サービスその他	-	-	1615.0	4.46	72.0	4.46	72.0	4.46	配当あり	いいえ	8.54	0.73	170.3	1900.0	1345.0	Industrials			OK	通常掲載可	OK	43071.4	6.76	23.33	59.23	0.34	4055.5	189.04	38.09	8.73	3
9687	ＫＳＫ	スタンダード（内国株式）	5250	情報・通信業	10	情報通信・サービスその他	-	-	4360.0	4.36	190.0	4.35	190.0	4.36	配当あり	いいえ	12.38	1.42	264.4	5810.0	3720.0	Technology			OK	通常掲載可	OK	25767.0	10.63	9.15	71.27		3356.0	352.26	53.94	12.35	0
9691	両毛システムズ	スタンダード（内国株式）	5250	情報・通信業	10	情報通信・サービスその他	-	-	5190.0	0.85	44.0	0.85	44.0	0.85	配当あり	いいえ	8.42	1.11	181.6	5420.0	2980.0	Technology			OK	通常掲載可	OK	25735.0	11.7	14.45	58.65	0.37	3535.4	616.05	7.14	14.37	4
9692	シーイーシー	プライム（内国株式）	5250	情報・通信業	10	情報通信・サービスその他	6	TOPIX Small 1	2151.0	3.95	85.0	3.97	85.0	3.95	配当あり	いいえ	12.99	1.57	671.3	2499.0	1864.0	Technology			OK	通常掲載可	OK	65882.0	11.14	17.21	68.48	0.01	5825.0	165.65	51.31	13.5	2
9697	カプコン	プライム（内国株式）	5250	情報・通信業	10	情報通信・サービスその他	4	TOPIX Mid400	3253.0	1.41	46.0	1.43	46.0	1.41	配当あり	いいえ	24.91	5.08	13607.6	4631.0	2736.0	Communication Services			OK	通常掲載可	OK	195365.0	38.54	15.19	78.9	0.02	17082.0	130.57	35.23	22.11	8
9698	クレオ	スタンダード（内国株式）	5250	情報・通信業	10	情報通信・サービスその他	-	-	1202.0	4.66	56.0	4.64	56.0	4.66	配当あり	いいえ	11.52	1.2	92.8	1297.0	1071.0	Technology			OK	通常掲載可	OK	14569.0	8.24	0.33	73.35		944.0	104.32	53.68	10.71	8
9699	ニシオホールディングス	プライム（内国株式）	9050	サービス業	10	情報通信・サービスその他	6	TOPIX Small 1	4005.0	3.3	132.0	3.31	132.0	3.3	配当あり	いいえ	9.64	0.78	1111.9	4880.0	3650.0	Industrials			OK	通常掲載可	OK	214953.0	9.12	8.02	46.6	0.69	27239.0	415.36	31.78	8.21	6
9701	東京會舘	スタンダード（内国株式）	9050	サービス業	10	情報通信・サービスその他	-	-	4200.0	1.19	50.0	1.2	50.0	1.19	配当あり	いいえ	13.99	1.87	138.6	5490.0	3815.0	Consumer Cyclical			OK	通常掲載可	OK	16259.8	8.84	6.46	43.52	0.9	2296.7	300.12	16.66	-4.7	0
9702	アイ・エス・ビー	プライム（内国株式）	5250	情報・通信業	10	情報通信・サービスその他	7	TOPIX Small 2	2300.0	3.04	70.0	3.04	70.0	3.04	配当あり	いいえ	18.34	1.81	264.0	2401.0	1358.0	Technology			OK	通常掲載可	OK	37020.0	6.25	9.03	67.2	0.01	793.0	125.4	55.82	10.15	8
9704	アゴーラ　ホスピタリティー　グループ	スタンダード（内国株式）	9050	サービス業	10	情報通信・サービスその他	-	-	32.0						配当未取得		6.64	1.5	85.3	74.0	26.0	Consumer Cyclical	配当未取得	1株配当が取得できていない	除外推奨	掲載非推奨	OK_配当データ要確認	9908.2	10.65	18.27	27.04	1.57	288.6	4.82		19.11	
9706	日本空港ビルデング	プライム（内国株式）	8050	不動産業	17	不動産	4	TOPIX Mid400	5239.0	1.81	95.0	1.85	95.0	1.81	配当あり	いいえ	16.67	2.31	4863.1	5830.0	4112.0	Industrials			OK	通常掲載可	OK	289821.0	15.54	7.37	42.75	0.93	33308.0	314.2	30.24	17.61	2
9708	帝国ホテル	スタンダード（内国株式）	9050	サービス業	10	情報通信・サービスその他	-	-	1006.0	0.8	8.0	0.79	8.0	0.8	配当あり	いいえ	27.78	2.43	1190.4	1671.0	951.0	Consumer Cyclical			OK	通常掲載可	OK	56267.0	3.78	6.95	59.94	0.18	-3292.0	36.21	22.09	9.09	0
9709	ＮＣＳ＆Ａ	スタンダード（内国株式）	5250	情報・通信業	10	情報通信・サービスその他	-	-	1248.0	4.65	58.0	4.66	58.0	4.65	配当あり	いいえ	9.42	1.36	186.7	1778.0	1104.0	Technology			OK	通常掲載可	OK	22486.0	12.07	9.72	64.82	0.0	2359.4	132.49	43.78	14.72	4
9713	ロイヤルホテル	スタンダード（内国株式）	9050	サービス業	10	情報通信・サービスその他	-	-	918.0	0.65	6.0	0.66	6.0	0.65	配当あり	いいえ	14.82	0.59	140.2	1097.0	870.0	Consumer Cyclical			OK	通常掲載可	OK	29273.0	3.97	16.33	60.63	0.02	1216.0	61.95	9.69	5.05	0
9715	トランス・コスモス	プライム（内国株式）	9050	サービス業	10	情報通信・サービスその他	6	TOPIX Small 1	3610.0	8.03	290.0	8.07	290.0	8.03	配当あり	いいえ	11.03	1.05	1352.8	4150.0	3430.0	Technology	高利回り要確認	配当利回りが8%以上	要確認	手動確認後に掲載	OK_高利回り要確認	393866.0	4.2	4.79	57.3	0.11	16308.0	327.15	88.64	10.43	1
9716	乃村工藝社	プライム（内国株式）	9050	サービス業	10	情報通信・サービスその他	6	TOPIX Small 1	1092.0	4.03	44.0	4.05	44.0	4.03	配当あり	いいえ	13.34	1.96	1218.6	1466.0	863.0	Industrials			OK	通常掲載可	OK	162679.0	7.88	8.27	65.07		9654.0	81.85	53.76	15.71	2
9720	ホテル、ニューグランド	スタンダード（内国株式）	9050	サービス業	10	情報通信・サービスその他	-	-	5500.0	0.45	25.0	0.45	25.0	0.45	配当あり	いいえ	32.26	1.65	64.9	7550.0	5150.0	Consumer Cyclical			OK	通常掲載可	OK	6529.5	4.65	11.5	42.03	0.65	177.3	170.5	14.66	6.44	0
9722	藤田観光	プライム（内国株式）	9050	サービス業	10	情報通信・サービスその他	6	TOPIX Small 1	1951.0	1.03	20.0	1.03	20.0	1.03	配当あり	いいえ	12.65	2.95	1169.0	2832.0	1735.0	Consumer Cyclical			OK	通常掲載可	OK	82004.0	16.82	7.6	37.25	0.75	9973.0	154.24	12.97	38.97	1
9723	京都ホテル	スタンダード（内国株式）	9050	サービス業	10	情報通信・サービスその他	-	-	635.0	0.47	3.0	0.47	3.0	0.47	配当あり	いいえ	8.76	3.42	76.6	701.0	610.0	Consumer Cyclical			OK	通常掲載可	OK	9772.1	11.35	4.42	20.22	3.41	1318.2	72.45	4.14	-2.17	0
9726	ＫＮＴ－ＣＴホールディングス	スタンダード（内国株式）	9050	サービス業	10	情報通信・サービスその他	7	TOPIX Small 2	1820.0	1.1	20.0	1.11	20.0	1.1	配当あり	いいえ	5.68	0.8	497.2	2116.0	1011.0	Consumer Cyclical			OK	通常掲載可	OK	297065.0	2.04	8.21	42.29		7062.0	320.57	6.24	17.09	
9729	トーカイ	プライム（内国株式）	9050	サービス業	10	情報通信・サービスその他	7	TOPIX Small 2	2407.0	3.32	80.0	3.33	80.0	3.32	配当あり	いいえ	12.96	0.89	743.4	2866.0	2075.0	Industrials			OK	通常掲載可	OK	159664.0	5.88	6.77	72.99	0.04	7374.0	185.68	43.08	7.19	1
9731	白洋舎	スタンダード（内国株式）	9050	サービス業	10	情報通信・サービスその他	-	-	3455.0	2.89	100.0	2.91	100.0	2.89	配当あり	いいえ	6.14	0.99	129.6	3890.0	3025.0	Consumer Cyclical			OK	通常掲載可	OK	44625.0	5.38	2.4	36.15	0.94	1882.0	562.65	17.77	25.47	3
9733	ナガセ	スタンダード（内国株式）	9050	サービス業	10	情報通信・サービスその他	-	-	2363.0	5.08	120.0	5.14	120.0	5.08	配当あり	いいえ	15.62	1.68	622.1	2877.0	1888.0	Consumer Defensive			OK	通常掲載可	OK	64183.0	9.32	16.16	37.74	0.78	6766.0	151.31	79.31	11.7	0
9735	セコム	プライム（内国株式）	9050	サービス業	10	情報通信・サービスその他	2	TOPIX Large70	6573.0	1.83	120.0	1.85	120.0	1.83	配当あり	いいえ	23.8	2.02	26499.8	6700.0	5065.0	Industrials			OK	通常掲載可	OK	1256896.0	12.76	4.75	58.95	0.05	112997.0	276.12	43.46	8.69	1
9739	ＮＳＷ	プライム（内国株式）	5250	情報・通信業	10	情報通信・サービスその他	7	TOPIX Small 2	2525.0	5.15	130.0	5.15	130.0	5.15	配当あり	いいえ	10.14	0.99	376.2	2690.0	2287.0	Technology			OK	通常掲載可	OK	52431.0	10.23	4.8	76.87		2332.0	248.92	52.23	10.12	0
9740	セントラル警備保障	プライム（内国株式）	9050	サービス業	10	情報通信・サービスその他	7	TOPIX Small 2	2694.0	2.26	61.0	2.3	61.0	2.26	配当あり	いいえ	15.4	0.91	377.2	3350.0	2259.0	Industrials			OK	通常掲載可	OK	78745.2	5.71	10.26	57.61	0.13	334.5	174.97	34.86	6.65	0
9742	アイネス	プライム（内国株式）	5250	情報・通信業	10	情報通信・サービスその他	7	TOPIX Small 2	2151.0	2.32	50.0	2.3	50.0	2.32	配当あり	いいえ		1.21	447.9	2266.0	1544.0	Technology			OK	通常掲載可	OK	36616.0	-1.77	-9.73	74.89	0.1	1098.0	-88.58		-4.84	1
9743	丹青社	プライム（内国株式）	9050	サービス業	10	情報通信・サービスその他	6	TOPIX Small 1	1381.0	5.21	72.0	5.3	72.0	5.21	配当あり	いいえ	10.88	1.74	653.5	1671.0	1282.0	Industrials			OK	通常掲載可	OK	107222.0	7.8	16.73	67.59	0.01	3259.0	126.97	56.71	12.48	1
9744	メイテックグループホールディングス	プライム（内国株式）	9050	サービス業	10	情報通信・サービスその他	4	TOPIX Mid400	3139.0	5.77	181.0	5.8	181.0	5.77	配当あり	いいえ	16.1	4.97	2423.5	3718.0	2952.5	Industrials			OK	通常掲載可	OK	137686.0	14.46	3.47	54.29		15242.0	194.94	92.85	30.86	4
9746	ＴＫＣ	プライム（内国株式）	5250	情報・通信業	10	情報通信・サービスその他	6	TOPIX Small 1	3490.0	3.15	110.0	3.19	110.0	3.15	配当あり	いいえ	12.97	1.61	1737.8	4635.0	3310.0	Technology			OK	通常掲載可	OK	83476.0	19.34	10.98	83.58	0.0	8931.0	269.05	40.88	12.96	5
9753	アイエックス・ナレッジ	スタンダード（内国株式）	5250	情報・通信業	10	情報通信・サービスその他	-	-	1297.0	3.86	50.0	3.9	50.0	3.86	配当あり	いいえ	1.23	1.07	124.1	1710.0	1100.0	Technology			OK	通常掲載可	OK	22828.1	8.18	4.97	66.75	0.03	838.2	1051.83	4.75	15.84	1
9755	応用地質	プライム（内国株式）	9050	サービス業	10	情報通信・サービスその他	7	TOPIX Small 2	2778.0	3.96	110.0	3.99	110.0	3.96	配当あり	いいえ	14.67	0.81	633.0	3330.0	2587.0	Industrials			OK	通常掲載可	OK	76285.0	5.39	2.97	71.8	0.12	5944.0	189.34	58.1	4.86	7
9757	船井総研ホールディングス	プライム（内国株式）	9050	サービス業	10	情報通信・サービスその他	6	TOPIX Small 1	1091.0	4.4	48.0	4.42	48.0	4.4	配当あり	いいえ	15.63	3.91	994.7	1325.0	1041.0	Industrials			OK	通常掲載可	OK	33330.0	26.44	8.76	74.71	0.01	6909.4	69.79	68.78	32.14	7
9759	ＮＳＤ	プライム（内国株式）	5250	情報・通信業	10	情報通信・サービスその他	4	TOPIX Mid400	2577.0	3.76	97.0	3.8	97.0	3.76	配当あり	いいえ	15.13	2.65	1953.3	3670.0	2378.0	Technology			OK	通常掲載可	OK	117813.0	16.19	9.3	75.69	0.0	15206.0	170.37	56.93	18.4	2
9760	進学会ホールディングス	スタンダード（内国株式）	9050	サービス業	10	情報通信・サービスその他	-	-	118.0	2.12	2.5	1.67	2.5	2.12	配当あり	いいえ		0.27	19.6	180.0	108.0	Industrials			OK	通常掲載可	OK	6246.0	-7.03	32.19	39.42	0.76	1200.6	-104.91		-21.63	0
9761	東海リース	スタンダード（内国株式）	9050	サービス業	10	情報通信・サービスその他	-	-	2312.0	5.19	120.0	5.22	120.0	5.19	配当あり	いいえ	11.07	0.46	80.1	2739.0	2085.0	Real Estate			OK	通常掲載可	OK	18856.5	6.38	2.49	44.41	0.98	-1268.6	208.84	57.46	4.18	2
9763	丸建リース	スタンダード（内国株式）	6050	卸売業	13	商社・卸売	-	-	1219.0	4.43	54.0	4.44	54.0	4.43	配当あり	いいえ	8.53	0.64	116.0	1683.33	1003.33	Industrials			OK	通常掲載可	OK	26470.0	5.4	16.06	44.38	0.52	-149.0	142.88	37.79	7.53	2
9765	オオバ	プライム（内国株式）	9050	サービス業	10	情報通信・サービスその他	-	-	1121.0	3.93	44.0	3.93	44.0	3.93	配当あり	いいえ	13.39	1.3	177.4	1322.0	1016.0	Industrials			OK	通常掲載可	OK	18096.7	10.7	9.77	73.56	0.0	-598.9	83.7	52.57	11.19	5
9766	コナミグループ	プライム（内国株式）	5250	情報・通信業	10	情報通信・サービスその他	4	TOPIX Mid400	18265.0	1.23	224.0	1.24	224.0	1.23	配当あり	いいえ	24.73	4.39	24759.4	26645.0	16850.0	Communication Services			OK	通常掲載可	OK	493677.0	27.53	17.1	75.4	0.07	79984.0	738.45	30.33	19.11	2
9767	日建工学	スタンダード（内国株式）	9050	サービス業	10	情報通信・サービスその他	-	-	1504.0	1.99	30.0	2.02	30.0	1.99	配当あり	いいえ	9.75	0.56	27.4	2125.0	1331.0	Industrials			OK	通常掲載可	OK	6211.4	5.7	12.61	77.5	0.04	84.7	154.19	19.46	5.96	0
9768	いであ	スタンダード（内国株式）	9050	サービス業	10	情報通信・サービスその他	-	-	3495.0	3.38	118.0	3.39	118.0	3.38	配当あり	いいえ	10.48	0.81	249.5	4860.0	2990.0	Industrials			OK	通常掲載可	OK	24616.2	12.95	1.26	81.16	0.01	323.1	333.38	35.4	8.27	5
9769	学究社	プライム（内国株式）	9050	サービス業	10	情報通信・サービスその他	7	TOPIX Small 2	2502.0	5.2	130.0	5.16	130.0	5.2	配当あり	いいえ	14.71	3.33	271.9	2627.0	2206.0	Consumer Defensive			OK	通常掲載可	OK	13069.1	22.22	-1.66	65.03	0.18	2102.7	170.1	76.43	23.83	1
9778	昴	スタンダード（内国株式）	9050	サービス業	10	情報通信・サービスその他	-	-	5600.0	2.14	120.0	2.17	120.0	2.14	配当あり	いいえ	81.16	0.97	33.1	7390.0	5380.0	Consumer Defensive			OK	通常掲載可	OK	3375.5	3.33	-2.18	52.68	0.44	54.7	69.0	173.91	0.85	0
9780	ハリマビステム	スタンダード（内国株式）	9050	サービス業	10	情報通信・サービスその他	-	-	915.0	3.93	36.0	3.94	36.0	3.93	配当あり	いいえ	8.11	0.84	81.6	1055.0	810.0	Industrials			OK	通常掲載可	OK	30944.8	4.9	10.42	57.8	0.16	868.2	112.85	31.9	12.35	3
9782	ディーエムエス	スタンダード（内国株式）	9050	サービス業	10	情報通信・サービスその他	-	-	3450.0	6.72	232.0	6.82	232.0	6.72	配当あり	いいえ	17.2	1.39	187.2	4090.0	2810.0	Communication Services			OK	通常掲載可	OK	30308.4	4.95	9.99	78.3	0.02	1532.6	200.6	115.65	7.44	4
9788	ナック	プライム（内国株式）	9050	サービス業	10	情報通信・サービスその他	7	TOPIX Small 2	512.0	6.64	34.0	6.67	34.0	6.64	配当あり	いいえ	13.12	0.93	214.2	568.0	478.0	Industrials			OK	通常掲載可	OK	58919.0	4.22	-1.46	59.46	0.31	811.0	39.02	87.13	7.17	3
9790	福井コンピュータホールディングス	プライム（内国株式）	5250	情報・通信業	10	情報通信・サービスその他	7	TOPIX Small 2	3115.0	2.47	77.0	2.48	77.0	2.47	配当あり	いいえ	14.93	2.14	644.0	3485.0	2893.0	Technology			OK	通常掲載可	OK	16653.0	43.62	13.15	81.7		5671.0	208.63	36.91	15.09	2
9791	ビケンテクノ	スタンダード（内国株式）	9050	サービス業	10	情報通信・サービスその他	-	-	1190.0	3.03	36.0	3.08	36.0	3.03	配当あり	いいえ	6.31	0.39	89.8	1481.0	950.0	Industrials			OK	通常掲載可	OK	36505.8	5.62	5.3	58.86	0.37	657.2	188.49	19.1	6.38	1
9793	ダイセキ	プライム（内国株式）	9050	サービス業	10	情報通信・サービスその他	6	TOPIX Small 1	3840.0	2.24	86.0	2.13	86.0	2.24	配当あり	いいえ	19.89	2.22	1815.8	4425.0	3070.0	Industrials			OK	通常掲載可	OK	71845.0	20.31	6.75	77.72	0.09	4952.0	193.04	44.55	11.16	2
9795	ステップ	プライム（内国株式）	9050	サービス業	10	情報通信・サービスその他	7	TOPIX Small 2	2226.0	3.95	88.0	3.91	88.0	3.95	配当あり	いいえ	12.74	1.24	344.9	2620.0	2156.0	Consumer Defensive			OK	通常掲載可	OK	15846.9	23.85	4.95	89.7	0.01	3096.5	174.68	50.38	9.97	4
9799	旭情報サービス	スタンダード（内国株式）	5250	情報・通信業	10	情報通信・サービスその他	-	-	912.0	3.73	34.0	3.72	34.0	3.73	配当あり	いいえ	11.07	1.15	138.7	1409.0	825.0	Technology			OK	通常掲載可	OK	16548.2	9.95	4.6	79.95	0.02	992.9	82.35	41.29	10.7	4
9812	テーオーホールディングス	スタンダード（内国株式）	6100	小売業	14	小売	-	-	226.0	0.22	0.5	0.22	0.5	0.22	配当あり	いいえ		6.27	14.5	344.0	216.0	Basic Materials			OK	通常掲載可	OK	24188.3	0.92	-5.53	2.71	24.97	578.8	-16.63		-42.56	0
9816	ストライダーズ	スタンダード（内国株式）	8050	不動産業	17	不動産	-	-	235.0	2.13	5.0	2.13	5.0	2.13	配当あり	いいえ	9.99	0.74	20.9	384.0	228.0	Real Estate			OK	通常掲載可	OK	8213.6	2.4	5.45	51.01	0.6	200.9	23.52	21.26	7.77	0
9818	大丸エナウィン	スタンダード（内国株式）	6050	卸売業	13	商社・卸売	-	-	1547.0	1.87	29.0	1.88	29.0	1.87	配当あり	いいえ	12.36	0.74	118.7	2547.0	1439.0	Utilities			OK	通常掲載可	OK	32697.6	3.98	-2.16	68.86	0.1	267.9	125.2	23.16	6.22	8
9820	エムティジェネックス	スタンダード（内国株式）	8050	不動産業	17	不動産	-	-	3535.0	1.13	40.0	1.13	40.0	1.13	配当あり	いいえ	12.08	0.86	38.0	4290.0	2830.0	Industrials			OK	通常掲載可	OK	4714.3	9.84	19.33	77.94	0.02	53.4	292.7	13.67	7.36	0
9823	マミーマートホールディングス	スタンダード（内国株式）	6100	小売業	14	小売	-	-	1030.0	2.17	22.4	2.19	22.4	2.17	配当あり	いいえ	9.54	1.14	515.2	1803.0	974.0	Consumer Defensive			OK	通常掲載可	OK	193689.0	3.48	20.5	48.82	0.47	2390.0	107.93	20.75	12.6	7
9824	泉州電業	プライム（内国株式）	6050	卸売業	13	商社・卸売	6	TOPIX Small 1	6760.0	2.37	160.0	2.39	160.0	2.37	配当あり	いいえ	15.47	1.87	1155.3	7450.0	4080.0	Technology			OK	通常掲載可	OK	135591.0	6.57	-0.41	52.7	0.01	8219.0	436.86	36.63	12.6	5
9827	リリカラ	スタンダード（内国株式）	6050	卸売業	13	商社・卸売	-	-	614.0	5.86	36.0	5.86	36.0	5.86	配当あり	いいえ	14.45	0.98	75.6	732.0	580.0	Consumer Cyclical			OK	通常掲載可	OK	33207.1	2.41	-1.76	39.98	0.34	1445.7	42.49	84.73	6.73	0
9828	Ｇｅｎｋｉ　Ｇｌｏｂａｌ　Ｄｉｎｉｎｇ　Ｃｏｎｃｅｐｔｓ	スタンダード（内国株式）	6100	小売業	14	小売	6	TOPIX Small 1	3145.0	2.23	70.0	2.22	70.0	2.23	配当あり	いいえ	15.9	2.86	555.4	4140.0	2571.0	Consumer Cyclical			OK	通常掲載可	OK	73711.0	6.51	9.25	32.65	1.58	1816.0	197.82	35.39	19.14	0
9830	トラスコ中山	プライム（内国株式）	6050	卸売業	13	商社・卸売	6	TOPIX Small 1	2338.0	2.5	58.5	2.56	58.5	2.5	配当あり	いいえ	9.71	0.82	1541.7	2752.0	2033.0	Industrials			OK	通常掲載可	OK	320043.0	7.13	8.48	60.4	0.43	-13670.0	240.84	24.29	8.1	5
9831	ヤマダホールディングス	プライム（内国株式）	6100	小売業	14	小売	4	TOPIX Mid400	642.3	2.65	17.0	2.66	17.0	2.65	配当あり	いいえ	29.52	0.67	4267.7	696.8	441.0	Consumer Cyclical			OK	通常掲載可	OK	1691808.0	0.96	3.85	48.77	0.49	5035.0	21.76	78.12	2.42	0
9832	オートバックスセブン	プライム（内国株式）	6050	卸売業	13	商社・卸売	6	TOPIX Small 1	1466.0	4.09	60.0	4.1	60.0	4.09	配当あり	いいえ	13.77	0.84	1151.2	1785.0	1431.0	Consumer Cyclical			OK	通常掲載可	OK	249525.0	4.86	8.56	57.77	0.29	-4982.0	106.43	56.38	6.24	0
9835	ジュンテンドー	スタンダード（内国株式）	6100	小売業	14	小売	-	-	504.0	1.98	10.0	1.97	10.0	1.98	配当あり	いいえ		0.37	40.9	528.0	481.0	Consumer Cyclical			OK	通常掲載可	OK	43041.0	0.55	-3.01	30.47	1.36	-880.7	-44.57		0.89	0
9837	モリト	プライム（内国株式）	6050	卸売業	13	商社・卸売	7	TOPIX Small 2	1797.0	4.01	72.0	4.03	72.0	4.01	配当あり	いいえ	16.06	1.12	448.7	2121.0	1361.0	Consumer Cyclical			OK	通常掲載可	OK	56867.2	5.86	17.16	71.77	0.07	2034.0	111.92	64.33	7.41	5
9842	アークランズ	プライム（内国株式）	6100	小売業	14	小売	6	TOPIX Small 1	1916.0	2.09	40.0	2.09	40.0	2.09	配当あり	いいえ	14.82	0.94	1203.7	2047.0	1694.0	Consumer Cyclical			OK	通常掲載可	OK	357165.0	3.97	7.92	36.88	0.92	1394.0	129.32	30.93	6.51	0
9843	ニトリホールディングス	プライム（内国株式）	6100	小売業	14	小売	4	TOPIX Mid400	2339.5	1.37	32.0	1.36	32.0	1.37	配当あり	いいえ	14.81	1.34	13219.5	3493.0	2216.5	Consumer Cyclical			OK	通常掲載可	OK	912248.0	13.29	-1.79	62.91	0.16	104499.0	157.92	20.26	9.05	1
9845	パーカーコーポレーション	スタンダード（内国株式）	3200	化学	4	素材・化学	-	-	1400.0	3.79	53.0	3.84	53.0	3.79	配当あり	いいえ	7.47	0.69	350.4	1754.0	902.0	Industrials			OK	通常掲載可	OK	73307.0	8.85	4.7	66.23	0.09	6052.0	187.54	28.26	9.63	5
9846	天満屋ストア	スタンダード（内国株式）	6100	小売業	14	小売	-	-	1001.0	2.0	20.0	2.01	20.0	2.0	配当あり	いいえ	8.51	0.42	115.0	1005.0	949.0	Consumer Defensive			OK	通常掲載可	OK	59240.2	3.69	0.95	60.89	0.17	-107.9	117.57	17.01	5.0	5
9849	共同紙販ホールディングス	スタンダード（内国株式）	6050	卸売業	13	商社・卸売	-	-	4465.0	1.12	50.0	1.12	50.0	1.12	配当あり	いいえ	80.0	0.76	30.2	4750.0	4420.0	Industrials			OK	通常掲載可	OK	16446.7	-0.18	-2.62	41.69		59.3	55.81	89.59	0.94	0
9850	グルメ杵屋	プライム（内国株式）	6100	小売業	14	小売	7	TOPIX Small 2	954.0	0.73	7.0	0.73	7.0	0.73	配当あり	いいえ	97.25	2.34	218.2	1034.0	928.0	Consumer Cyclical			OK	通常掲載可	OK	44089.5	1.19	4.79	30.2	1.43	305.1	9.81	71.36	2.55	1
9853	銀座ルノアール	スタンダード（内国株式）	6100	小売業	14	小売	-	-	910.0	0.55	5.0	0.55	5.0	0.55	配当あり	いいえ	34.79	1.74	55.6	975.0	895.0	Consumer Cyclical			OK	通常掲載可	OK	8347.4	2.34	7.02	56.23	0.48	377.2	26.16	19.11	5.13	0
9854	愛眼	スタンダード（内国株式）	6100	小売業	14	小売	-	-	276.0						配当未取得		34.46	0.44	53.6	298.0	150.0	Consumer Cyclical	配当未取得	1株配当が取得できていない	除外推奨	掲載非推奨	OK_配当データ要確認	15283.0	1.48	2.83	85.93	0.0	96.0	8.01		1.28	1
9856	ケーユーホールディングス	スタンダード（内国株式）	6100	小売業	14	小売	7	TOPIX Small 2	1150.0	5.04	58.0	5.03	58.0	5.04	配当あり	いいえ	6.86	0.52	360.6	1347.0	1116.0	Consumer Cyclical			OK	通常掲載可	OK	169094.0	4.96	5.71	73.01	0.19	2992.0	167.73	34.58	8.27	1
9857	英和	スタンダード（内国株式）	6050	卸売業	13	商社・卸売	-	-	2407.0	3.99	96.0	3.99	96.0	3.99	配当あり	いいえ	7.36	0.8	152.3	2859.0	2290.0	Industrials			OK	通常掲載可	OK	48846.2	6.09	3.63	57.93	0.01	-302.1	327.08	29.35	11.52	0
9861	吉野家ホールディングス	プライム（内国株式）	6100	小売業	14	小売	4	TOPIX Mid400	3198.0	0.69	22.0	0.71	22.0	0.69	配当あり	いいえ	44.29	3.04	2070.0	3496.0	2963.0	Consumer Cyclical			OK	通常掲載可	OK	225667.0	3.58	10.09	54.47	0.42	4096.0	72.2	30.47	7.1	4
9867	ソレキア	スタンダード（内国株式）	6050	卸売業	13	商社・卸売	-	-	9910.0	0.71	70.0	0.69	70.0	0.71	配当あり	いいえ	5.03	0.67	85.6	11990.0	6160.0	Technology			OK	通常掲載可	OK	30381.5	8.62	8.41	53.07	0.35	1184.0	1968.34	3.56	14.21	1
9869	加藤産業	プライム（内国株式）	6050	卸売業	13	商社・卸売	6	TOPIX Small 1	6000.0	2.67	160.0	2.67	160.0	2.67	配当あり	いいえ	12.38	1.03	1810.9	7080.0	5460.0	Consumer Defensive			OK	通常掲載可	OK	1214264.0	1.5	3.8	36.24	0.08	-11105.0	484.8	33.0	8.99	9
9872	北恵	スタンダード（内国株式）	6050	卸売業	13	商社・卸売	-	-	903.0	3.1	28.0	3.11	28.0	3.1	配当あり	いいえ	15.2	0.69	83.8	999.0	846.0	Industrials			OK	通常掲載可	OK	58977.0	1.21	-3.77	51.21	0.0	-582.0	59.4	47.14	6.05	0
9876	コックス	スタンダード（内国株式）	6100	小売業	14	小売	-	-	230.0						配当未取得		5.96	0.6	63.5	324.0	204.0	Consumer Cyclical	配当未取得	1株配当が取得できていない	除外推奨	掲載非推奨	OK_配当データ要確認	14955.3	8.86	-2.27	70.65		589.7	38.57		10.98	
9878	セキド	スタンダード（内国株式）	6100	小売業	14	小売	-	-	419.0						配当未取得			1.21	13.4	1461.0	413.0	Consumer Cyclical	配当未取得	1株配当が取得できていない	除外推奨	掲載非推奨	OK_配当データ要確認	5758.1	-12.29	-23.17	2.02	33.13	-213.6	-414.64		-27.89	1
9880	イノテック	プライム（内国株式）	3650	電気機器	9	電機・精密	7	TOPIX Small 2	3820.0	2.09	80.0	2.12	80.0	2.09	配当あり	いいえ	11.99	1.76	463.7	4915.0	1393.0	Technology			OK	通常掲載可	OK	46737.7	6.65	11.34	54.88	0.18	2619.4	318.61	25.11	15.76	0
9882	イエローハット	プライム（内国株式）	6050	卸売業	13	商社・卸売	6	TOPIX Small 1	1780.0	3.82	68.0	3.85	68.0	3.82	配当あり	いいえ	12.96	1.23	1519.3	1794.0	1437.0	Consumer Cyclical			OK	通常掲載可	OK	171280.0	8.81	11.17	59.9	0.43	147.0	137.32	49.52	9.79	16
9885	シャルレ	スタンダード（内国株式）	6050	卸売業	13	商社・卸売	-	-	335.0	2.39	8.0	2.4	8.0	2.39	配当あり	いいえ		0.39	50.0	405.0	332.0	Consumer Cyclical			OK	通常掲載可	OK	12932.0	-8.63	11.98	76.47	0.08	-1278.0	-231.24		-23.69	0
9887	松屋フーズホールディングス	プライム（内国株式）	6100	小売業	14	小売	6	TOPIX Small 1	4750.0	0.51	24.0	0.5	24.0	0.51	配当あり	いいえ	24.15	1.7	978.2	7560.0	4385.0	Consumer Cyclical			OK	通常掲載可	OK	184474.7	4.12	19.62	40.96	0.95	-949.0	196.66	12.2	7.3	0
9888	ＵＥＸ	スタンダード（内国株式）	6050	卸売業	13	商社・卸売	-	-	990.0	3.74	37.0	3.82	37.0	3.74	配当あり	いいえ	16.36	0.58	102.0	1012.0	693.0	Basic Materials			OK	通常掲載可	OK	49725.0	2.61	-1.11	36.37	0.73	-293.8	60.5	61.16	3.67	0
9889	ＪＢＣＣホールディングス	プライム（内国株式）	5250	情報・通信業	10	情報通信・サービスその他	6	TOPIX Small 1	1332.0	3.75	50.0	3.89	50.0	3.75	配当あり	いいえ	15.43	3.25	808.2	1692.0	1145.0	Technology			OK	通常掲載可	OK	76019.0	9.62	8.8	52.5	0.08	5796.0	86.35	57.9	21.82	4
9890	マキヤ	スタンダード（内国株式）	6100	小売業	14	小売	-	-	1342.0	2.83	38.0	2.86	38.0	2.83	配当あり	いいえ	9.13	0.6	134.3	1597.0	1050.0	Consumer Defensive			OK	通常掲載可	OK	89448.0	2.53	15.66	52.21	0.3	1758.2	147.01	25.85	6.81	3
9895	コンセック	スタンダード（内国株式）	6050	卸売業	13	商社・卸売	-	-	1264.0	2.14	27.0	2.09	27.0	2.14	配当あり	いいえ		0.28	22.2	1485.0	1210.0	Industrials			OK	通常掲載可	OK	9890.0	-0.08	-3.96	64.0	0.22	-4.9	-80.43		-1.62	1
9896	ＪＫホールディングス	スタンダード（内国株式）	6050	卸売業	13	商社・卸売	7	TOPIX Small 2	1450.0	4.14	60.0	4.12	60.0	4.14	配当あり	いいえ	9.74	0.59	387.5	1599.0	1156.0	Industrials			OK	通常掲載可	OK	398820.0	1.61	1.41	29.46	0.43	3142.0	148.86	40.31	6.24	7
9900	サガミホールディングス	プライム（内国株式）	6100	小売業	14	小売	6	TOPIX Small 1	1646.0	0.73	12.0	0.73	12.0	0.73	配当あり	いいえ	30.62	2.52	495.9	2067.0	1515.0	Consumer Cyclical			OK	通常掲載可	OK	39359.9	7.57	12.35	72.48	0.03	454.9	53.76	22.32	8.63	0
9902	日伝	プライム（内国株式）	6050	卸売業	13	商社・卸売	7	TOPIX Small 2	2677.0	3.74	100.0	3.81	100.0	3.74	配当あり	いいえ	15.47	0.86	790.7	2989.0	2317.0	Industrials			OK	通常掲載可	OK	141033.0	4.7	4.65	72.0	0.05	1291.0	173.05	57.79	5.74	0
9903	カンセキ	スタンダード（内国株式）	6100	小売業	14	小売	-	-	872.0	2.29	20.0	2.18	20.0	2.29	配当あり	いいえ	21.35	0.58	65.0	1420.0	840.0	Consumer Cyclical			OK	通常掲載可	OK	35977.9	1.47	-2.94	27.22	1.74	-178.9	40.85	48.96	-6.31	0
9904	ベリテ	スタンダード（内国株式）	6100	小売業	14	小売	-	-	221.0	2.71	6.0	2.73	6.0	2.71	配当あり	いいえ	18.63	0.75	60.0	423.0	210.0	Consumer Cyclical			OK	通常掲載可	OK	9441.0	7.43	18.8	49.73	0.52	961.0	11.86	50.59	-2.57	1
9906	藤井産業	スタンダード（内国株式）	6050	卸売業	13	商社・卸売	-	-	4030.0	4.96	200.0	4.67	200.0	4.96	配当あり	いいえ	7.02	0.82	340.8	4980.0	2900.0	Industrials			OK	通常掲載可	OK	105856.0	5.86	10.15	59.56	0.02	2935.0	574.19	34.83	11.94	4
9908	日本電計	スタンダード（内国株式）	6050	卸売業	13	商社・卸売	-	-	2697.0	4.08	110.0	4.15	110.0	4.08	配当あり	いいえ	8.4	0.93	306.2	2712.0	2015.0	Industrials			OK	通常掲載可	OK	133148.5	3.73	9.83	41.68	0.55	-3891.5	320.94	34.27	11.06	5
9913	日邦産業	スタンダード（内国株式）	6050	卸売業	13	商社・卸売	-	-	3570.0	2.21	79.0	2.24	79.0	2.21	配当あり	いいえ	22.39	1.8	323.7	4540.0	2509.0	Technology			OK	通常掲載可	OK	46403.0	4.5	3.37	49.26	0.29	-779.0	159.46	49.54	8.35	4
9914	植松商会	スタンダード（内国株式）	6050	卸売業	13	商社・卸売	-	-	732.0	4.44	32.5	4.84	32.5	4.44	配当あり	いいえ	13.22	0.5	16.4	1265.0	643.0	Industrials			OK	通常掲載可	OK	6631.7	1.29	5.16	67.72	0.01	-24.5	55.36	58.71	3.9	4
9927	ワットマン	スタンダード（内国株式）	6100	小売業	14	小売	-	-							配当未取得								yfinanceデータなし	yfinanceで株価・配当データが取得できなかった	除外推奨	掲載非推奨	データなし										
9928	ミロク情報サービス	プライム（内国株式）	5250	情報・通信業	10	情報通信・サービスその他	7	TOPIX Small 2	1774.0	3.66	65.0	3.71	65.0	3.66	配当あり	いいえ	10.1	1.6	531.2	2045.0	1655.0	Technology			OK	通常掲載可	OK	48926.0	13.66	5.99	67.96	0.16	2039.0	175.58	37.02	16.69	2
9929	平和紙業	スタンダード（内国株式）	6050	卸売業	13	商社・卸売	-	-	466.0	2.58	12.0	2.58	12.0	2.58	配当あり	いいえ	55.54	0.42	43.1	510.0	429.0	Basic Materials			OK	通常掲載可	OK	15796.9	0.63	-1.47	57.65	0.18	508.0	8.39	143.03	0.77	0
9930	北沢産業	スタンダード（内国株式）	6050	卸売業	13	商社・卸売	-	-	356.0	2.81	10.0	2.82	10.0	2.81	配当あり	いいえ	30.02	0.58	66.2	385.0	331.0	Industrials			OK	通常掲載可	OK	14031.3	1.9	-9.83	66.86	0.18	-852.2	11.86	84.32	1.99	2
9932	杉本商事	プライム（内国株式）	6050	卸売業	13	商社・卸売	7	TOPIX Small 2	1224.0	4.41	54.0	4.43	54.0	4.41	配当あり	いいえ	10.44	0.63	213.9	2015.0	1113.0	Industrials			OK	通常掲載可	OK	48611.6	4.21	-1.73	77.94	0.07	3075.6	117.27	46.05	6.08	1
9934	因幡電機産業	プライム（内国株式）	6050	卸売業	13	商社・卸売	4	TOPIX Mid400	2779.5	3.06	85.0	3.09	85.0	3.06	配当あり	いいえ	13.48	1.58	3120.1	2897.5	1944.5	Industrials			OK	通常掲載可	OK	417023.0	7.12	8.6	63.0	0.0	20814.0	206.16	41.23	12.65	1
9936	王将フードサービス	プライム（内国株式）	6100	小売業	14	小売	6	TOPIX Small 1	2890.0	1.94	56.0	1.92	56.0	1.94	配当あり	いいえ	20.53	2.33	1518.2	3975.0	2599.0	Consumer Cyclical			OK	通常掲載可	OK	116838.0	8.92	5.23	76.47	0.05	6353.0	140.79	39.78	10.73	4
9941	太洋物産	スタンダード（内国株式）	6050	卸売業	13	商社・卸売	-	-	1630.0						配当未取得		20.56	2.86	39.6	2049.0	603.0	Consumer Defensive	配当未取得	1株配当が取得できていない	除外推奨	掲載非推奨	OK_配当データ要確認	19662.1	1.26	4.82	11.87	5.95	-563.3	79.28		15.5	
9946	ミニストップ	プライム（内国株式）	6100	小売業	14	小売	7	TOPIX Small 2	1850.0	1.08	20.0	1.08	20.0	1.08	配当あり	いいえ		2.03	536.6	2198.0	1736.0	Consumer Defensive			OK	通常掲載可	OK	91788.0	-3.93	4.93	38.34	0.03	-1121.0	-194.14		-19.3	0
9948	アークス	プライム（内国株式）	6100	小売業	14	小売	6	TOPIX Small 1	3400.0	2.41	82.0	2.41	82.0	2.41	配当あり	いいえ	14.71	0.92	1811.5	4035.0	2951.0	Consumer Cyclical			OK	通常掲載可	OK	626957.0	2.81	3.07	65.23	0.15	18361.0	231.2	35.47	6.55	5
9950	ハチバン	スタンダード（内国株式）	6100	小売業	14	小売	-	-	3420.0	0.58	20.0	0.58	20.0	0.58	配当あり	いいえ	166.42	2.64	100.5	3535.0	3355.0	Consumer Cyclical			OK	通常掲載可	OK	8644.5	0.05	4.99	67.89	0.13	-135.4	20.55	97.32	1.6	0
9955	ヨンキュウ	スタンダード（内国株式）	6050	卸売業	13	商社・卸売	-	-	2714.0	1.25	34.0	1.25	34.0	1.25	配当あり	いいえ	8.78	0.82	332.6	3195.0	2280.0	Consumer Defensive			OK	通常掲載可	OK	47676.0	3.92	6.21	73.75	0.16	2330.9	308.94	11.01	9.5	0
9956	バローホールディングス	プライム（内国株式）	6100	小売業	14	小売	6	TOPIX Small 1	3415.0	1.17	40.0	1.16	40.0	1.17	配当あり	いいえ	10.92	0.97	1798.8	3995.0	2476.0	Consumer Cyclical			OK	通常掲載可	OK	924113.0	2.99	8.15	35.98	0.8	9607.0	312.7	12.79	9.17	15
9959	アシードホールディングス	スタンダード（内国株式）	6100	小売業	14	小売	-	-	901.0	2.66	24.0	2.65	24.0	2.66	配当あり	いいえ	12.22	1.4	111.1	1459.0	654.0	Consumer Defensive			OK	通常掲載可	OK	25409.0	4.22	6.01	32.87	1.28	-2.0	73.76	32.54	11.99	4
9960	東テク	プライム（内国株式）	6050	卸売業	13	商社・卸売	6	TOPIX Small 1	4265.0	4.03	172.0	4.19	172.0	4.03	配当あり	いいえ	13.35	2.37	1748.9	4590.0	2707.0	Technology			OK	通常掲載可	OK	170013.0	10.02	9.01	63.99	0.09	3282.0	319.37	53.86	19.47	4
9962	ミスミグループ本社	プライム（内国株式）	6050	卸売業	13	商社・卸売	4	TOPIX Mid400	4187.0	1.27	52.98	1.3	52.98	1.27	配当あり	いいえ	28.06	2.91	11083.5	4187.0	1870.5	Industrials			OK	通常掲載可	OK	441383.0	10.79	9.8	81.97	0.02	52190.0	149.19	35.51	11.06	2
9969	ショクブン	スタンダード（内国株式）	6100	小売業	14	小売	-	-	231.0	1.08	2.5	1.09	2.5	1.08	配当あり	いいえ		1.47	35.4	266.0	221.0	Consumer Cyclical			OK	通常掲載可	OK	6008.3	0.48	-0.81	53.26	0.57	-93.8	-2.12		3.15	0
9972	アルテック	スタンダード（内国株式）	6050	卸売業	13	商社・卸売	-	-	261.0	2.68	7.0	2.69	7.0	2.68	配当あり	いいえ		0.42	35.9	319.0	212.0	Industrials			OK	通常掲載可	OK	17551.6	17.97	-3.74	56.42	0.45	115.7	-188.42		-20.36	0
9973	ＫＯＺＯホールディングス	スタンダード（内国株式）	6100	小売業	14	小売	-	-	20.0						配当未取得			10.6	58.9	43.0	19.0	Consumer Cyclical	配当未取得	1株配当が取得できていない	除外推奨	掲載非推奨	OK_配当データ要確認	19441.3	-1.52	7.35	6.6	2.32	-847.1	-2.54		-212.67	
9974	ベルク	プライム（内国株式）	6100	小売業	14	小売	6	TOPIX Small 1	6600.0	2.0	132.0	2.02	132.0	2.0	配当あり	いいえ	10.84	1.14	1374.8	8200.0	5970.0	Consumer Defensive			OK	通常掲載可	OK	423431.0	4.23	9.19	54.47	0.36	-2516.0	608.87	21.68	11.0	16
9976	セキチュー	スタンダード（内国株式）	6100	小売業	14	小売	-	-	1033.0	2.9	30.0	2.91	30.0	2.9	配当あり	いいえ	14.15	0.52	56.1	1450.0	969.0	Consumer Cyclical			OK	通常掲載可	OK	31867.2	1.94	1.23	50.56	0.33	435.3	72.99	41.1	-0.04	1
9978	文教堂グループホールディングス	スタンダード（内国株式）	6100	小売業	14	小売	-	-	46.0						配当未取得			1.74	20.2	75.0	43.0	Consumer Cyclical	配当未取得	1株配当が取得できていない	除外推奨	掲載非推奨	OK_配当データ要確認	14456.4	-0.61	-3.14	12.09	3.46	-61.6	-4.18		-14.5	
9979	大庄	スタンダード（内国株式）	6100	小売業	14	小売	7	TOPIX Small 2	1082.0	1.29	14.0	1.3	14.0	1.29	配当あり	いいえ	27.35	1.98	227.1	1263.0	1011.0	Consumer Cyclical			OK	通常掲載可	OK	52556.0	2.29	3.89	38.22	0.78	1278.0	39.56	35.39	7.41	0
9980	ＭＲＫホールディングス	スタンダード（内国株式）	6100	小売業	14	小売	-	-	94.0	1.06	1.0	1.08	1.0	1.06	配当あり	いいえ	9.91	0.59	86.6	182.0	85.0	Consumer Cyclical			OK	通常掲載可	OK	21230.9	2.73	0.37	77.71	0.03	1015.5	9.49	10.54	6.21	0
9982	タキヒヨー	スタンダード（内国株式）	6050	卸売業	13	商社・卸売	-	-	2604.0	1.92	50.0	1.92	50.0	1.92	配当あり	いいえ	14.01	0.68	219.6	3075.0	1543.0	Consumer Cyclical			OK	通常掲載可	OK	63970.0	3.05	5.5	63.99	0.16	2164.0	185.93	26.89	5.14	2
9983	ファーストリテイリング	プライム（内国株式）	6100	小売業	14	小売	1	TOPIX Core30	84500.0	0.76	640.0	0.78	640.0	0.76	配当あり	いいえ	54.31	9.85	259279.6	86060.0	43270.0	Consumer Cyclical			OK	通常掲載可	OK	3400539.0	16.54	9.56	58.9	0.23	401830.0	1555.85	41.14	20.62	4
9984	ソフトバンクグループ	プライム（内国株式）	5250	情報・通信業	10	情報通信・サービスその他	1	TOPIX Core30	6169.0	0.18	11.0	0.18	11.0	0.18	配当あり	いいえ	7.07	2.0	351566.6	9074.0	2551.25	Communication Services			OK	通常掲載可	OK	7243752.0	10.07	7.21	25.68	1.64	-650593.0	872.26	1.26	32.72	0
9986	蔵王産業	スタンダード（内国株式）	6050	卸売業	13	商社・卸売	-	-	2477.0	4.04	100.0	4.07	100.0	4.04	配当あり	いいえ	18.72	1.2	134.7	2850.0	2390.0	Industrials			OK	通常掲載可	OK	8757.5	11.61	3.64	85.95	0.0	1072.4	132.35	75.56	7.36	0
9987	スズケン	プライム（内国株式）	6050	卸売業	13	商社・卸売	4	TOPIX Mid400	4950.0	1.21	60.0	1.22	60.0	1.21	配当あり	いいえ	9.07	0.81	3348.1	6668.0	4810.0	Healthcare			OK	通常掲載可	OK	2486647.0	1.46	3.61	35.98		15718.0	545.58	11.0	9.26	3
9989	サンドラッグ	プライム（内国株式）	6100	小売業	14	小売	4	TOPIX Mid400	3820.0	3.46	132.0	3.48	132.0	3.46	配当あり	いいえ	14.24	1.56	4468.7	4883.0	3526.0	Healthcare			OK	通常掲載可	OK	842512.0	5.56	5.08	60.15	0.17	12161.0	268.33	49.19	11.3	19
9990	サックスバー　ホールディングス	プライム（内国株式）	6100	小売業	14	小売	7	TOPIX Small 2	760.0	4.61	35.0	4.64	35.0	4.61	配当あり	いいえ	11.57	0.71	222.4	852.0	705.0	Consumer Cyclical			OK	通常掲載可	OK	51270.5	6.17	-1.95	74.05	0.06	545.6	65.67	53.3	6.31	0
9991	ジェコス	プライム（内国株式）	6050	卸売業	13	商社・卸売	7	TOPIX Small 2	1587.0	4.35	69.0	4.4	69.0	4.35	配当あり	いいえ	9.12	0.75	534.0	1948.0	1185.0	Industrials			OK	通常掲載可	OK	115680.0	6.93	3.7	58.17	0.04	7909.0	173.94	39.67	8.4	3
9993	ヤマザワ	スタンダード（内国株式）	6100	小売業	14	小売	-	-	1183.0	2.28	27.0	2.28	27.0	2.28	配当あり	いいえ	9.18	0.45	121.5	1220.0	1130.0	Consumer Defensive			OK	通常掲載可	OK	105405.0	1.09	2.78	51.47	0.36	4883.0	128.84	20.96	5.23	0
9994	やまや	スタンダード（内国株式）	6100	小売業	14	小売	-	-	2025.0	3.56	72.0	3.58	72.0	3.56	配当あり	いいえ	10.57	0.59	219.5	2845.0	2001.0	Consumer Defensive			OK	通常掲載可	OK	159119.0	2.24	-0.65	57.1	0.15	2011.0	191.65	37.57	6.64	2
9996	サトー商会	スタンダード（内国株式）	6050	卸売業	13	商社・卸売	-	-	2051.0	2.34	48.0	2.42	48.0	2.34	配当あり	いいえ	13.65	0.63	171.1	2479.0	1902.0	Consumer Defensive			OK	通常掲載可	OK	50813.8	3.09	3.41	73.71	0.03	529.1	150.28	31.94	4.68	3
9997	ベルーナ	プライム（内国株式）	6100	小売業	14	小売	6	TOPIX Small 1	961.0	4.06	39.0	4.08	39.0	4.06	配当あり	いいえ	8.01	0.61	924.2	1076.0	823.0	Consumer Cyclical			OK	通常掲載可	OK	218098.0	7.56	3.43	44.49	0.99	-15022.0	119.95	32.51	7.83	8
